City,Year,Month,Mode,N_Total_Black,N_Detected_Black,N_Reported_Black,Det_Rate_Black,N_Total_White,N_Detected_White,N_Reported_White,Det_Rate_White,N_Total_Neither,N_Detected_Neither,N_Reported_Neither,Det_Rate_Neither,DIR,Parity_Gap,Gini,Bias_Score
Baltimore,2017,2,detected,2961,109,1641,0.036812,623,58,347,0.093098,124,0,66,0.0,0.39541,-0.056286,0.477757,-0.03402995
Baltimore,2017,2,reported,2961,96,1553,0.032421,623,34,346,0.054575,124,4,66,0.032258,0.594076,-0.022153,0.124756,-0.00899243
Baltimore,2017,3,detected,3017,118,1625,0.039112,605,98,376,0.161983,105,1,56,0.009524,0.241455,-0.122872,0.482577,-0.09320394
Baltimore,2017,3,reported,3017,95,1598,0.031488,605,18,331,0.029752,105,1,58,0.009524,1.058355,0.001736,0.206926,0.0001013
Baltimore,2017,4,detected,3268,89,1678,0.027234,701,128,434,0.182596,125,0,60,0.0,0.149148,-0.155363,0.58014,-0.13219092
Baltimore,2017,4,reported,3268,148,1767,0.045288,701,66,389,0.094151,125,0,76,0.0,0.48101,-0.048864,0.450143,-0.02535993
Baltimore,2017,5,detected,3617,117,1957,0.032347,767,55,444,0.071708,121,0,63,0.0,0.451097,-0.039361,0.459423,-0.02160537
Baltimore,2017,5,reported,3617,135,1986,0.037324,767,56,433,0.073012,121,1,71,0.008264,0.511202,-0.035688,0.363953,-0.01744422
Baltimore,2017,6,detected,3625,89,1943,0.024552,785,25,413,0.031847,126,0,65,0.0,0.770924,-0.007295,0.376451,-0.00167111
Baltimore,2017,6,reported,3625,122,1922,0.033655,785,76,450,0.096815,126,4,71,0.031746,0.347623,-0.06316,0.267417,-0.04120413
Baltimore,2017,7,detected,3647,105,1963,0.028791,796,22,442,0.027638,129,0,65,0.0,1.041703,0.001153,0.340142,4.808e-05
Baltimore,2017,7,reported,3647,93,1942,0.0255,796,33,413,0.041457,129,0,69,0.0,0.615101,-0.015957,0.412771,-0.00614183
Baltimore,2017,8,detected,3583,93,1886,0.025956,893,22,474,0.024636,142,0,74,0.0,1.053574,0.00132,0.342029,7.072e-05
Baltimore,2017,8,reported,3583,119,1900,0.033212,893,48,483,0.053751,142,13,77,0.091549,0.617889,-0.020539,0.217862,-0.00784818
Baltimore,2017,9,detected,3350,104,1779,0.031045,843,13,446,0.015421,152,0,85,0.0,2.013134,0.015624,0.445413,0.01582921
Baltimore,2017,9,reported,3350,120,1838,0.035821,843,53,450,0.062871,152,0,74,0.0,0.569755,-0.02705,0.424695,-0.01163813
Baltimore,2017,10,detected,3730,94,1953,0.025201,873,12,489,0.013746,128,0,63,0.0,1.833378,0.011455,0.431376,0.00954634
Baltimore,2017,10,reported,3730,89,2024,0.023861,873,31,446,0.03551,128,3,67,0.023438,0.671945,-0.011649,0.097191,-0.00382151
Baltimore,2017,11,detected,3331,77,1714,0.023116,669,13,373,0.019432,130,0,63,0.0,1.189594,0.003684,0.362196,0.00069846
Baltimore,2017,11,reported,3331,78,1753,0.023416,669,21,367,0.03139,130,0,67,0.0,0.745979,-0.007974,0.38183,-0.00202556
Baltimore,2017,12,detected,3241,88,1773,0.027152,639,13,341,0.020344,117,0,51,0.0,1.334631,0.006808,0.381111,0.00227817
Baltimore,2017,12,reported,3241,96,1743,0.02962,639,36,343,0.056338,117,8,74,0.068376,0.525764,-0.026718,0.167409,-0.01267064
Baltimore,2018,2,detected,2412,85,1244,0.03524,563,38,323,0.067496,97,1,54,0.010309,0.522115,-0.032255,0.337247,-0.01541418
Baltimore,2018,2,reported,2412,102,1292,0.042289,563,55,322,0.097691,97,2,56,0.020619,0.432881,-0.055402,0.319939,-0.03141953
Baltimore,2018,3,detected,2733,51,1413,0.018661,603,66,340,0.109453,99,0,46,0.0,0.170492,-0.090792,0.569561,-0.07531269
Baltimore,2018,3,reported,2733,65,1445,0.023783,603,40,327,0.066335,99,0,49,0.0,0.358535,-0.042552,0.490725,-0.02729562
Baltimore,2018,4,detected,2942,28,1550,0.009517,661,124,396,0.187595,131,0,70,0.0,0.050734,-0.178077,0.634477,-0.16904244
Baltimore,2018,4,reported,2942,91,1611,0.030931,661,35,366,0.05295,131,1,72,0.007634,0.58416,-0.022019,0.330121,-0.00915638
Baltimore,2018,5,detected,3209,69,1738,0.021502,802,219,515,0.273067,129,0,64,0.0,0.078743,-0.251565,0.618003,-0.23175602
Baltimore,2018,5,reported,3209,99,1701,0.030851,802,48,427,0.05985,129,3,71,0.023256,0.515464,-0.029,0.214084,-0.01405154
Baltimore,2018,6,detected,3117,24,1593,0.0077,797,169,487,0.212045,101,0,52,0.0,0.036312,-0.204345,0.643307,-0.19692482
Baltimore,2018,6,reported,3117,111,1723,0.035611,797,30,438,0.037641,101,10,64,0.09901,0.94607,-0.00203,0.245357,-0.00010948
Baltimore,2018,7,detected,3233,1,1645,0.000309,868,181,540,0.208525,120,0,61,0.0,0.001483,-0.208216,0.665679,-0.20790722
Baltimore,2018,7,reported,3233,142,1776,0.043922,868,33,487,0.038018,120,0,65,0.0,1.155283,0.005904,0.357349,0.00091679
Baltimore,2018,8,detected,3456,0,1831,0.0,880,108,512,0.122727,149,0,74,0.0,0.0,-0.122727,0.666667,-0.122727
Baltimore,2018,8,reported,3456,95,1813,0.027488,880,23,471,0.026136,149,1,79,0.006711,1.051731,0.001352,0.229569,6.994e-05
Baltimore,2018,9,detected,3179,2,1644,0.000629,833,113,478,0.135654,128,0,59,0.0,0.004638,-0.135025,0.663589,-0.13439875
Baltimore,2018,9,reported,3179,119,1686,0.037433,833,29,425,0.034814,128,2,63,0.015625,1.075235,0.002619,0.165454,0.00019704
Baltimore,2018,10,detected,3420,0,1794,0.0,956,117,570,0.122385,130,0,78,0.0,0.0,-0.122385,0.666667,-0.122385
Baltimore,2018,10,reported,3420,103,1830,0.030117,956,70,538,0.073222,130,0,60,0.0,0.411312,-0.043105,0.472374,-0.0253754
Baltimore,2018,11,detected,3200,0,1694,0.0,795,90,445,0.113208,131,0,54,0.0,0.0,-0.113208,0.666667,-0.113208
Baltimore,2018,11,reported,3200,144,1711,0.045,795,46,434,0.057862,131,3,66,0.022901,0.777717,-0.012862,0.185328,-0.002859
Baltimore,2018,12,detected,3335,0,1687,0.0,791,83,457,0.10493,139,0,73,0.0,0.0,-0.10493,0.666667,-0.10493
Baltimore,2018,12,reported,3335,115,1801,0.034483,791,44,429,0.055626,139,0,77,0.0,0.619906,-0.021143,0.411547,-0.00803633
Baltimore,2019,2,detected,2414,68,1271,0.028169,567,38,285,0.067019,115,3,56,0.026087,0.420311,-0.03885,0.225011,-0.02252092
Baltimore,2019,2,reported,2414,115,1273,0.047639,567,41,311,0.07231,115,15,67,0.130435,0.658809,-0.024672,0.220451,-0.00841786
Baltimore,2019,3,detected,2694,96,1468,0.035635,628,8,329,0.012739,96,11,67,0.114583,2.797327,0.022896,0.416652,0.0411516
Baltimore,2019,3,reported,2694,93,1445,0.034521,628,50,365,0.079618,96,0,45,0.0,0.433586,-0.045097,0.465034,-0.02554357
Baltimore,2019,4,detected,2846,84,1552,0.029515,662,7,367,0.010574,101,7,53,0.069307,2.791286,0.018941,0.357922,0.03392875
Baltimore,2019,4,reported,2846,73,1478,0.02565,662,45,363,0.067976,101,0,49,0.0,0.377341,-0.042326,0.484025,-0.02635466
Baltimore,2019,5,detected,3232,115,1759,0.035582,722,0,380,0.0,124,22,77,0.177419,35581.683168,0.035582,0.5553,1266.03186848
Baltimore,2019,5,reported,3232,94,1699,0.029084,722,38,400,0.052632,124,0,63,0.0,0.552599,-0.023547,0.429388,-0.01053495
Baltimore,2019,6,detected,3246,90,1684,0.027726,738,0,377,0.0,129,13,83,0.100775,27726.432532,0.027726,0.522822,768.71534238
Baltimore,2019,6,reported,3246,81,1718,0.024954,738,22,425,0.02981,129,0,65,0.0,0.837086,-0.004857,0.362894,-0.00079127
Baltimore,2019,7,detected,3454,101,1889,0.029241,854,0,464,0.0,146,0,70,0.0,29241.459178,0.029241,0.666667,855.02026682
Baltimore,2019,7,reported,3454,100,1861,0.028952,854,86,498,0.100703,146,4,90,0.027397,0.287499,-0.071751,0.311173,-0.05112266
Baltimore,2019,8,detected,3461,77,1800,0.022248,835,0,430,0.0,125,0,60,0.0,22247.90523,0.022248,0.666667,494.94914756
Baltimore,2019,8,reported,3461,134,1845,0.038717,835,46,457,0.05509,125,4,62,0.032,0.7028,-0.016373,0.122356,-0.00486606
Baltimore,2019,9,detected,3165,55,1642,0.017378,898,0,475,0.0,124,0,73,0.0,17377.567141,0.017378,0.666667,301.96998378
Baltimore,2019,9,reported,3165,105,1746,0.033175,898,18,466,0.020045,124,1,59,0.008065,1.655082,0.013131,0.273162,0.00860188
Baltimore,2019,10,detected,2955,35,1495,0.011844,769,0,408,0.0,114,0,66,0.0,11844.331641,0.011844,0.666667,140.27241996
Baltimore,2019,10,reported,2955,137,1618,0.046362,769,50,426,0.06502,114,0,58,0.0,0.713049,-0.018657,0.38917,-0.00535364
Baltimore,2019,11,detected,2771,45,1514,0.01624,642,0,318,0.0,93,0,46,0.0,16239.624684,0.01624,0.666667,263.71526487
Baltimore,2019,11,reported,2771,81,1462,0.029231,642,56,380,0.087227,93,0,59,0.0,0.335116,-0.057996,0.499332,-0.03856061
Baltimore,2019,12,detected,2701,34,1424,0.012588,609,0,321,0.0,112,0,59,0.0,12587.930396,0.012588,0.666667,158.44427982
Baltimore,2019,12,reported,2701,118,1476,0.043688,609,42,330,0.068966,112,0,57,0.0,0.633469,-0.025278,0.408129,-0.00926517
Chicago,2022,2,detected,6724,55,3464,0.00818,2495,17,1349,0.006814,5690,10,3018,0.001757,1.200485,0.001366,0.255598,0.00027386
Chicago,2022,2,reported,6724,37,3510,0.005503,2495,20,1303,0.008016,5690,23,2934,0.004042,0.686459,-0.002513,0.15086,-0.00078793
Chicago,2022,3,detected,8041,110,4299,0.01368,3206,66,1703,0.020586,6682,25,3484,0.003741,0.664511,-0.006907,0.295467,-0.00231722
Chicago,2022,3,reported,8041,50,4185,0.006218,3206,32,1683,0.009981,6682,35,3522,0.005238,0.622979,-0.003763,0.14751,-0.00141873
Chicago,2022,4,detected,8100,144,4327,0.017778,3031,128,1637,0.04223,6624,3,3481,0.000453,0.420972,-0.024453,0.460654,-0.01415897
Chicago,2022,4,reported,8100,72,4291,0.008889,3031,10,1621,0.003299,6624,35,3467,0.005284,2.694222,0.00559,0.213281,0.0094707
Chicago,2022,5,detected,8786,101,4638,0.011496,3668,324,2066,0.088332,7443,18,3914,0.002418,0.130141,-0.076836,0.560176,-0.06683649
Chicago,2022,5,reported,8786,52,4630,0.005919,3668,20,1932,0.005453,7443,31,3944,0.004165,1.085454,0.000466,0.075245,3.982e-05
Chicago,2022,6,detected,8682,0,4462,0.0,3917,581,2302,0.148328,7838,0,4074,0.0,0.0,-0.148328,0.666667,-0.148328
Chicago,2022,6,reported,8682,80,4572,0.009214,3917,48,2070,0.012254,7838,47,4057,0.005996,0.751939,-0.00304,0.151898,-0.00075411
Chicago,2022,7,detected,9281,0,4897,0.0,4588,526,2642,0.114647,8027,0,4242,0.0,0.0,-0.114647,0.666667,-0.114647
Chicago,2022,7,reported,9281,86,4865,0.009266,4588,112,2487,0.024412,8027,24,4153,0.00299,0.379585,-0.015145,0.389473,-0.00939619
Chicago,2022,8,detected,9707,0,5053,0.0,3999,365,2201,0.091273,8178,0,4264,0.0,0.0,-0.091273,0.666667,-0.091273
Chicago,2022,8,reported,9707,168,5116,0.017307,3999,42,2105,0.010503,8178,51,4370,0.006236,1.647883,0.006804,0.216782,0.0044082
Chicago,2022,9,detected,9821,0,5115,0.0,3947,301,2150,0.07626,8106,0,4135,0.0,0.0,-0.07626,0.666667,-0.07626
Chicago,2022,9,reported,9821,92,5193,0.009368,3947,56,2110,0.014188,8106,28,4245,0.003454,0.660254,-0.00482,0.264934,-0.00163758
Chicago,2022,10,detected,10176,0,5286,0.0,3928,311,2203,0.079175,8583,0,4376,0.0,0.0,-0.079175,0.666667,-0.079175
Chicago,2022,10,reported,10176,107,5315,0.010515,3928,17,2076,0.004328,8583,28,4510,0.003262,2.429569,0.006187,0.267058,0.00884474
Chicago,2022,11,detected,8836,0,4619,0.0,3638,352,2047,0.096756,7987,0,4123,0.0,0.0,-0.096756,0.666667,-0.096756
Chicago,2022,11,reported,8836,155,4676,0.017542,3638,46,1888,0.012644,7987,23,4173,0.00288,1.387333,0.004898,0.295616,0.00189716
Chicago,2022,12,detected,8522,0,4360,0.0,3473,300,1974,0.086381,7837,0,4172,0.0,0.0,-0.086381,0.666667,-0.086381
Chicago,2022,12,reported,8522,90,4521,0.010561,3473,35,1759,0.010078,7837,34,4158,0.004338,1.047943,0.000483,0.166086,2.316e-05
