City,Year,Month,Mode,Race_Category,N_Total,N_Detected,N_Reported,Detection_Rate,Reporting_Rate,N_Officers,Radius_ft,Reporting_Prob
Baltimore,2017,2,detected,Black,2961,109,1641,0.036812,0.554205,60,700,0.521
Baltimore,2017,2,detected,White,623,58,347,0.093098,0.556982,60,700,0.521
Baltimore,2017,2,detected,Neither,124,0,66,0.0,0.532258,60,700,0.521
Baltimore,2017,3,detected,Black,3017,118,1625,0.039112,0.538615,60,700,0.521
Baltimore,2017,3,detected,White,605,98,376,0.161983,0.621488,60,700,0.521
Baltimore,2017,3,detected,Neither,105,1,56,0.009524,0.533333,60,700,0.521
Baltimore,2017,4,detected,Black,3268,89,1678,0.027234,0.513464,60,700,0.521
Baltimore,2017,4,detected,White,701,128,434,0.182596,0.619116,60,700,0.521
Baltimore,2017,4,detected,Neither,125,0,60,0.0,0.48,60,700,0.521
Baltimore,2017,5,detected,Black,3617,117,1957,0.032347,0.541056,60,700,0.521
Baltimore,2017,5,detected,White,767,55,444,0.071708,0.578879,60,700,0.521
Baltimore,2017,5,detected,Neither,121,0,63,0.0,0.520661,60,700,0.521
Baltimore,2017,6,detected,Black,3625,89,1943,0.024552,0.536,60,700,0.521
Baltimore,2017,6,detected,White,785,25,413,0.031847,0.526115,60,700,0.521
Baltimore,2017,6,detected,Neither,126,0,65,0.0,0.515873,60,700,0.521
Baltimore,2017,7,detected,Black,3647,105,1963,0.028791,0.538251,60,700,0.521
Baltimore,2017,7,detected,White,796,22,442,0.027638,0.555276,60,700,0.521
Baltimore,2017,7,detected,Neither,129,0,65,0.0,0.503876,60,700,0.521
Baltimore,2017,8,detected,Black,3583,93,1886,0.025956,0.526375,60,700,0.521
Baltimore,2017,8,detected,White,893,22,474,0.024636,0.530795,60,700,0.521
Baltimore,2017,8,detected,Neither,142,0,74,0.0,0.521127,60,700,0.521
Baltimore,2017,9,detected,Black,3350,104,1779,0.031045,0.531045,60,700,0.521
Baltimore,2017,9,detected,White,843,13,446,0.015421,0.529063,60,700,0.521
Baltimore,2017,9,detected,Neither,152,0,85,0.0,0.559211,60,700,0.521
Baltimore,2017,10,detected,Black,3730,94,1953,0.025201,0.523592,60,700,0.521
Baltimore,2017,10,detected,White,873,12,489,0.013746,0.560137,60,700,0.521
Baltimore,2017,10,detected,Neither,128,0,63,0.0,0.492188,60,700,0.521
Baltimore,2017,11,detected,Black,3331,77,1714,0.023116,0.51456,60,700,0.521
Baltimore,2017,11,detected,White,669,13,373,0.019432,0.557549,60,700,0.521
Baltimore,2017,11,detected,Neither,130,0,63,0.0,0.484615,60,700,0.521
Baltimore,2017,12,detected,Black,3241,88,1773,0.027152,0.547053,60,700,0.521
Baltimore,2017,12,detected,White,639,13,341,0.020344,0.533646,60,700,0.521
Baltimore,2017,12,detected,Neither,117,0,51,0.0,0.435897,60,700,0.521
Baltimore,2017,2,reported,Black,2961,96,1553,0.032421,0.524485,60,700,0.521
Baltimore,2017,2,reported,White,623,34,346,0.054575,0.555377,60,700,0.521
Baltimore,2017,2,reported,Neither,124,4,66,0.032258,0.532258,60,700,0.521
Baltimore,2017,3,reported,Black,3017,95,1598,0.031488,0.529665,60,700,0.521
Baltimore,2017,3,reported,White,605,18,331,0.029752,0.547107,60,700,0.521
Baltimore,2017,3,reported,Neither,105,1,58,0.009524,0.552381,60,700,0.521
Baltimore,2017,4,reported,Black,3268,148,1767,0.045288,0.540698,60,700,0.521
Baltimore,2017,4,reported,White,701,66,389,0.094151,0.554922,60,700,0.521
Baltimore,2017,4,reported,Neither,125,0,76,0.0,0.608,60,700,0.521
Baltimore,2017,5,reported,Black,3617,135,1986,0.037324,0.549074,60,700,0.521
Baltimore,2017,5,reported,White,767,56,433,0.073012,0.564537,60,700,0.521
Baltimore,2017,5,reported,Neither,121,1,71,0.008264,0.586777,60,700,0.521
Baltimore,2017,6,reported,Black,3625,122,1922,0.033655,0.530207,60,700,0.521
Baltimore,2017,6,reported,White,785,76,450,0.096815,0.573248,60,700,0.521
Baltimore,2017,6,reported,Neither,126,4,71,0.031746,0.563492,60,700,0.521
Baltimore,2017,7,reported,Black,3647,93,1942,0.0255,0.532492,60,700,0.521
Baltimore,2017,7,reported,White,796,33,413,0.041457,0.518844,60,700,0.521
Baltimore,2017,7,reported,Neither,129,0,69,0.0,0.534884,60,700,0.521
Baltimore,2017,8,reported,Black,3583,119,1900,0.033212,0.530282,60,700,0.521
Baltimore,2017,8,reported,White,893,48,483,0.053751,0.540873,60,700,0.521
Baltimore,2017,8,reported,Neither,142,13,77,0.091549,0.542254,60,700,0.521
Baltimore,2017,9,reported,Black,3350,120,1838,0.035821,0.548657,60,700,0.521
Baltimore,2017,9,reported,White,843,53,450,0.062871,0.533808,60,700,0.521
Baltimore,2017,9,reported,Neither,152,0,74,0.0,0.486842,60,700,0.521
Baltimore,2017,10,reported,Black,3730,89,2024,0.023861,0.542627,60,700,0.521
Baltimore,2017,10,reported,White,873,31,446,0.03551,0.510882,60,700,0.521
Baltimore,2017,10,reported,Neither,128,3,67,0.023438,0.523438,60,700,0.521
Baltimore,2017,11,reported,Black,3331,78,1753,0.023416,0.526268,60,700,0.521
Baltimore,2017,11,reported,White,669,21,367,0.03139,0.54858,60,700,0.521
Baltimore,2017,11,reported,Neither,130,0,67,0.0,0.515385,60,700,0.521
Baltimore,2017,12,reported,Black,3241,96,1743,0.02962,0.537797,60,700,0.521
Baltimore,2017,12,reported,White,639,36,343,0.056338,0.536776,60,700,0.521
Baltimore,2017,12,reported,Neither,117,8,74,0.068376,0.632479,60,700,0.521
Baltimore,2018,2,detected,Black,2412,85,1244,0.03524,0.515755,60,700,0.521
Baltimore,2018,2,detected,White,563,38,323,0.067496,0.573712,60,700,0.521
Baltimore,2018,2,detected,Neither,97,1,54,0.010309,0.556701,60,700,0.521
Baltimore,2018,3,detected,Black,2733,51,1413,0.018661,0.517014,60,700,0.521
Baltimore,2018,3,detected,White,603,66,340,0.109453,0.563847,60,700,0.521
Baltimore,2018,3,detected,Neither,99,0,46,0.0,0.464646,60,700,0.521
Baltimore,2018,4,detected,Black,2942,28,1550,0.009517,0.526852,60,700,0.521
Baltimore,2018,4,detected,White,661,124,396,0.187595,0.599092,60,700,0.521
Baltimore,2018,4,detected,Neither,131,0,70,0.0,0.534351,60,700,0.521
Baltimore,2018,5,detected,Black,3209,69,1738,0.021502,0.541602,60,700,0.521
Baltimore,2018,5,detected,White,802,219,515,0.273067,0.642145,60,700,0.521
Baltimore,2018,5,detected,Neither,129,0,64,0.0,0.496124,60,700,0.521
Baltimore,2018,6,detected,Black,3117,24,1593,0.0077,0.511068,60,700,0.521
Baltimore,2018,6,detected,White,797,169,487,0.212045,0.611041,60,700,0.521
Baltimore,2018,6,detected,Neither,101,0,52,0.0,0.514851,60,700,0.521
Baltimore,2018,7,detected,Black,3233,1,1645,0.000309,0.508815,60,700,0.521
Baltimore,2018,7,detected,White,868,181,540,0.208525,0.62212,60,700,0.521
Baltimore,2018,7,detected,Neither,120,0,61,0.0,0.508333,60,700,0.521
Baltimore,2018,8,detected,Black,3456,0,1831,0.0,0.529803,60,700,0.521
Baltimore,2018,8,detected,White,880,108,512,0.122727,0.581818,60,700,0.521
Baltimore,2018,8,detected,Neither,149,0,74,0.0,0.496644,60,700,0.521
Baltimore,2018,9,detected,Black,3179,2,1644,0.000629,0.517144,60,700,0.521
Baltimore,2018,9,detected,White,833,113,478,0.135654,0.57383,60,700,0.521
Baltimore,2018,9,detected,Neither,128,0,59,0.0,0.460938,60,700,0.521
Baltimore,2018,10,detected,Black,3420,0,1794,0.0,0.524561,60,700,0.521
Baltimore,2018,10,detected,White,956,117,570,0.122385,0.596234,60,700,0.521
Baltimore,2018,10,detected,Neither,130,0,78,0.0,0.6,60,700,0.521
Baltimore,2018,11,detected,Black,3200,0,1694,0.0,0.529375,60,700,0.521
Baltimore,2018,11,detected,White,795,90,445,0.113208,0.559748,60,700,0.521
Baltimore,2018,11,detected,Neither,131,0,54,0.0,0.412214,60,700,0.521
Baltimore,2018,12,detected,Black,3335,0,1687,0.0,0.505847,60,700,0.521
Baltimore,2018,12,detected,White,791,83,457,0.10493,0.57775,60,700,0.521
Baltimore,2018,12,detected,Neither,139,0,73,0.0,0.52518,60,700,0.521
Baltimore,2018,2,reported,Black,2412,102,1292,0.042289,0.535655,60,700,0.521
Baltimore,2018,2,reported,White,563,55,322,0.097691,0.571936,60,700,0.521
Baltimore,2018,2,reported,Neither,97,2,56,0.020619,0.57732,60,700,0.521
Baltimore,2018,3,reported,Black,2733,65,1445,0.023783,0.528723,60,700,0.521
Baltimore,2018,3,reported,White,603,40,327,0.066335,0.542289,60,700,0.521
Baltimore,2018,3,reported,Neither,99,0,49,0.0,0.494949,60,700,0.521
Baltimore,2018,4,reported,Black,2942,91,1611,0.030931,0.547587,60,700,0.521
Baltimore,2018,4,reported,White,661,35,366,0.05295,0.553707,60,700,0.521
Baltimore,2018,4,reported,Neither,131,1,72,0.007634,0.549618,60,700,0.521
Baltimore,2018,5,reported,Black,3209,99,1701,0.030851,0.530072,60,700,0.521
Baltimore,2018,5,reported,White,802,48,427,0.05985,0.532419,60,700,0.521
Baltimore,2018,5,reported,Neither,129,3,71,0.023256,0.550388,60,700,0.521
Baltimore,2018,6,reported,Black,3117,111,1723,0.035611,0.552775,60,700,0.521
Baltimore,2018,6,reported,White,797,30,438,0.037641,0.549561,60,700,0.521
Baltimore,2018,6,reported,Neither,101,10,64,0.09901,0.633663,60,700,0.521
Baltimore,2018,7,reported,Black,3233,142,1776,0.043922,0.549335,60,700,0.521
Baltimore,2018,7,reported,White,868,33,487,0.038018,0.56106,60,700,0.521
Baltimore,2018,7,reported,Neither,120,0,65,0.0,0.541667,60,700,0.521
Baltimore,2018,8,reported,Black,3456,95,1813,0.027488,0.524595,60,700,0.521
Baltimore,2018,8,reported,White,880,23,471,0.026136,0.535227,60,700,0.521
Baltimore,2018,8,reported,Neither,149,1,79,0.006711,0.530201,60,700,0.521
Baltimore,2018,9,reported,Black,3179,119,1686,0.037433,0.530355,60,700,0.521
Baltimore,2018,9,reported,White,833,29,425,0.034814,0.510204,60,700,0.521
Baltimore,2018,9,reported,Neither,128,2,63,0.015625,0.492188,60,700,0.521
Baltimore,2018,10,reported,Black,3420,103,1830,0.030117,0.535088,60,700,0.521
Baltimore,2018,10,reported,White,956,70,538,0.073222,0.562762,60,700,0.521
Baltimore,2018,10,reported,Neither,130,0,60,0.0,0.461538,60,700,0.521
Baltimore,2018,11,reported,Black,3200,144,1711,0.045,0.534687,60,700,0.521
Baltimore,2018,11,reported,White,795,46,434,0.057862,0.545912,60,700,0.521
Baltimore,2018,11,reported,Neither,131,3,66,0.022901,0.503817,60,700,0.521
Baltimore,2018,12,reported,Black,3335,115,1801,0.034483,0.54003,60,700,0.521
Baltimore,2018,12,reported,White,791,44,429,0.055626,0.542351,60,700,0.521
Baltimore,2018,12,reported,Neither,139,0,77,0.0,0.553957,60,700,0.521
Baltimore,2019,2,detected,Black,2414,68,1271,0.028169,0.526512,60,700,0.521
Baltimore,2019,2,detected,White,567,38,285,0.067019,0.502646,60,700,0.521
Baltimore,2019,2,detected,Neither,115,3,56,0.026087,0.486957,60,700,0.521
Baltimore,2019,3,detected,Black,2694,96,1468,0.035635,0.544915,60,700,0.521
Baltimore,2019,3,detected,White,628,8,329,0.012739,0.523885,60,700,0.521
Baltimore,2019,3,detected,Neither,96,11,67,0.114583,0.697917,60,700,0.521
Baltimore,2019,4,detected,Black,2846,84,1552,0.029515,0.545327,60,700,0.521
Baltimore,2019,4,detected,White,662,7,367,0.010574,0.554381,60,700,0.521
Baltimore,2019,4,detected,Neither,101,7,53,0.069307,0.524752,60,700,0.521
Baltimore,2019,5,detected,Black,3232,115,1759,0.035582,0.544245,60,700,0.521
Baltimore,2019,5,detected,White,722,0,380,0.0,0.526316,60,700,0.521
Baltimore,2019,5,detected,Neither,124,22,77,0.177419,0.620968,60,700,0.521
Baltimore,2019,6,detected,Black,3246,90,1684,0.027726,0.518792,60,700,0.521
Baltimore,2019,6,detected,White,738,0,377,0.0,0.51084,60,700,0.521
Baltimore,2019,6,detected,Neither,129,13,83,0.100775,0.643411,60,700,0.521
Baltimore,2019,7,detected,Black,3454,101,1889,0.029241,0.546902,60,700,0.521
Baltimore,2019,7,detected,White,854,0,464,0.0,0.543326,60,700,0.521
Baltimore,2019,7,detected,Neither,146,0,70,0.0,0.479452,60,700,0.521
Baltimore,2019,8,detected,Black,3461,77,1800,0.022248,0.520081,60,700,0.521
Baltimore,2019,8,detected,White,835,0,430,0.0,0.51497,60,700,0.521
Baltimore,2019,8,detected,Neither,125,0,60,0.0,0.48,60,700,0.521
Baltimore,2019,9,detected,Black,3165,55,1642,0.017378,0.518799,60,700,0.521
Baltimore,2019,9,detected,White,898,0,475,0.0,0.528953,60,700,0.521
Baltimore,2019,9,detected,Neither,124,0,73,0.0,0.58871,60,700,0.521
Baltimore,2019,10,detected,Black,2955,35,1495,0.011844,0.505922,60,700,0.521
Baltimore,2019,10,detected,White,769,0,408,0.0,0.530559,60,700,0.521
Baltimore,2019,10,detected,Neither,114,0,66,0.0,0.578947,60,700,0.521
Baltimore,2019,11,detected,Black,2771,45,1514,0.01624,0.546373,60,700,0.521
Baltimore,2019,11,detected,White,642,0,318,0.0,0.495327,60,700,0.521
Baltimore,2019,11,detected,Neither,93,0,46,0.0,0.494624,60,700,0.521
Baltimore,2019,12,detected,Black,2701,34,1424,0.012588,0.527212,60,700,0.521
Baltimore,2019,12,detected,White,609,0,321,0.0,0.527094,60,700,0.521
Baltimore,2019,12,detected,Neither,112,0,59,0.0,0.526786,60,700,0.521
Baltimore,2019,2,reported,Black,2414,115,1273,0.047639,0.527341,60,700,0.521
Baltimore,2019,2,reported,White,567,41,311,0.07231,0.548501,60,700,0.521
Baltimore,2019,2,reported,Neither,115,15,67,0.130435,0.582609,60,700,0.521
Baltimore,2019,3,reported,Black,2694,93,1445,0.034521,0.536377,60,700,0.521
Baltimore,2019,3,reported,White,628,50,365,0.079618,0.58121,60,700,0.521
Baltimore,2019,3,reported,Neither,96,0,45,0.0,0.46875,60,700,0.521
Baltimore,2019,4,reported,Black,2846,73,1478,0.02565,0.519325,60,700,0.521
Baltimore,2019,4,reported,White,662,45,363,0.067976,0.548338,60,700,0.521
Baltimore,2019,4,reported,Neither,101,0,49,0.0,0.485149,60,700,0.521
Baltimore,2019,5,reported,Black,3232,94,1699,0.029084,0.525681,60,700,0.521
Baltimore,2019,5,reported,White,722,38,400,0.052632,0.554017,60,700,0.521
Baltimore,2019,5,reported,Neither,124,0,63,0.0,0.508065,60,700,0.521
Baltimore,2019,6,reported,Black,3246,81,1718,0.024954,0.529267,60,700,0.521
Baltimore,2019,6,reported,White,738,22,425,0.02981,0.575881,60,700,0.521
Baltimore,2019,6,reported,Neither,129,0,65,0.0,0.503876,60,700,0.521
Baltimore,2019,7,reported,Black,3454,100,1861,0.028952,0.538796,60,700,0.521
Baltimore,2019,7,reported,White,854,86,498,0.100703,0.583138,60,700,0.521
Baltimore,2019,7,reported,Neither,146,4,90,0.027397,0.616438,60,700,0.521
Baltimore,2019,8,reported,Black,3461,134,1845,0.038717,0.533083,60,700,0.521
Baltimore,2019,8,reported,White,835,46,457,0.05509,0.547305,60,700,0.521
Baltimore,2019,8,reported,Neither,125,4,62,0.032,0.496,60,700,0.521
Baltimore,2019,9,reported,Black,3165,105,1746,0.033175,0.551659,60,700,0.521
Baltimore,2019,9,reported,White,898,18,466,0.020045,0.518931,60,700,0.521
Baltimore,2019,9,reported,Neither,124,1,59,0.008065,0.475806,60,700,0.521
Baltimore,2019,10,reported,Black,2955,137,1618,0.046362,0.547547,60,700,0.521
Baltimore,2019,10,reported,White,769,50,426,0.06502,0.553966,60,700,0.521
Baltimore,2019,10,reported,Neither,114,0,58,0.0,0.508772,60,700,0.521
Baltimore,2019,11,reported,Black,2771,81,1462,0.029231,0.527607,60,700,0.521
Baltimore,2019,11,reported,White,642,56,380,0.087227,0.5919,60,700,0.521
Baltimore,2019,11,reported,Neither,93,0,59,0.0,0.634409,60,700,0.521
Baltimore,2019,12,reported,Black,2701,118,1476,0.043688,0.546464,60,700,0.521
Baltimore,2019,12,reported,White,609,42,330,0.068966,0.541872,60,700,0.521
Baltimore,2019,12,reported,Neither,112,0,57,0.0,0.508929,60,700,0.521
Chicago,2022,2,detected,Black,6724,55,3464,0.00818,0.51517,60,700,0.521
Chicago,2022,2,detected,White,2495,17,1349,0.006814,0.540681,60,700,0.521
Chicago,2022,2,detected,Neither,5690,10,3018,0.001757,0.530404,60,700,0.521
Chicago,2022,3,detected,Black,8041,110,4299,0.01368,0.534635,60,700,0.521
Chicago,2022,3,detected,White,3206,66,1703,0.020586,0.531192,60,700,0.521
Chicago,2022,3,detected,Neither,6682,25,3484,0.003741,0.521401,60,700,0.521
Chicago,2022,4,detected,Black,8100,144,4327,0.017778,0.534198,60,700,0.521
Chicago,2022,4,detected,White,3031,128,1637,0.04223,0.540086,60,700,0.521
Chicago,2022,4,detected,Neither,6624,3,3481,0.000453,0.525513,60,700,0.521
Chicago,2022,5,detected,Black,8786,101,4638,0.011496,0.527885,60,700,0.521
Chicago,2022,5,detected,White,3668,324,2066,0.088332,0.56325,60,700,0.521
Chicago,2022,5,detected,Neither,7443,18,3914,0.002418,0.525863,60,700,0.521
Chicago,2022,6,detected,Black,8682,0,4462,0.0,0.513937,60,700,0.521
Chicago,2022,6,detected,White,3917,581,2302,0.148328,0.587695,60,700,0.521
Chicago,2022,6,detected,Neither,7838,0,4074,0.0,0.519775,60,700,0.521
Chicago,2022,7,detected,Black,9281,0,4897,0.0,0.527637,60,700,0.521
Chicago,2022,7,detected,White,4588,526,2642,0.114647,0.57585,60,700,0.521
Chicago,2022,7,detected,Neither,8027,0,4242,0.0,0.528466,60,700,0.521
Chicago,2022,8,detected,Black,9707,0,5053,0.0,0.520552,60,700,0.521
Chicago,2022,8,detected,White,3999,365,2201,0.091273,0.550388,60,700,0.521
Chicago,2022,8,detected,Neither,8178,0,4264,0.0,0.521399,60,700,0.521
Chicago,2022,9,detected,Black,9821,0,5115,0.0,0.520823,60,700,0.521
Chicago,2022,9,detected,White,3947,301,2150,0.07626,0.544718,60,700,0.521
Chicago,2022,9,detected,Neither,8106,0,4135,0.0,0.510116,60,700,0.521
Chicago,2022,10,detected,Black,10176,0,5286,0.0,0.519458,60,700,0.521
Chicago,2022,10,detected,White,3928,311,2203,0.079175,0.560845,60,700,0.521
Chicago,2022,10,detected,Neither,8583,0,4376,0.0,0.509845,60,700,0.521
Chicago,2022,11,detected,Black,8836,0,4619,0.0,0.522748,60,700,0.521
Chicago,2022,11,detected,White,3638,352,2047,0.096756,0.562672,60,700,0.521
Chicago,2022,11,detected,Neither,7987,0,4123,0.0,0.516214,60,700,0.521
Chicago,2022,12,detected,Black,8522,0,4360,0.0,0.511617,60,700,0.521
Chicago,2022,12,detected,White,3473,300,1974,0.086381,0.568385,60,700,0.521
Chicago,2022,12,detected,Neither,7837,0,4172,0.0,0.532347,60,700,0.521
Chicago,2022,2,reported,Black,6724,37,3510,0.005503,0.522011,60,700,0.521
Chicago,2022,2,reported,White,2495,20,1303,0.008016,0.522244,60,700,0.521
Chicago,2022,2,reported,Neither,5690,23,2934,0.004042,0.515641,60,700,0.521
Chicago,2022,3,reported,Black,8041,50,4185,0.006218,0.520458,60,700,0.521
Chicago,2022,3,reported,White,3206,32,1683,0.009981,0.524953,60,700,0.521
Chicago,2022,3,reported,Neither,6682,35,3522,0.005238,0.527088,60,700,0.521
Chicago,2022,4,reported,Black,8100,72,4291,0.008889,0.529753,60,700,0.521
Chicago,2022,4,reported,White,3031,10,1621,0.003299,0.534807,60,700,0.521
Chicago,2022,4,reported,Neither,6624,35,3467,0.005284,0.5234,60,700,0.521
Chicago,2022,5,reported,Black,8786,52,4630,0.005919,0.526975,60,700,0.521
Chicago,2022,5,reported,White,3668,20,1932,0.005453,0.526718,60,700,0.521
Chicago,2022,5,reported,Neither,7443,31,3944,0.004165,0.529894,60,700,0.521
Chicago,2022,6,reported,Black,8682,80,4572,0.009214,0.526607,60,700,0.521
Chicago,2022,6,reported,White,3917,48,2070,0.012254,0.528466,60,700,0.521
Chicago,2022,6,reported,Neither,7838,47,4057,0.005996,0.517607,60,700,0.521
Chicago,2022,7,reported,Black,9281,86,4865,0.009266,0.524189,60,700,0.521
Chicago,2022,7,reported,White,4588,112,2487,0.024412,0.542066,60,700,0.521
Chicago,2022,7,reported,Neither,8027,24,4153,0.00299,0.517379,60,700,0.521
Chicago,2022,8,reported,Black,9707,168,5116,0.017307,0.527042,60,700,0.521
Chicago,2022,8,reported,White,3999,42,2105,0.010503,0.526382,60,700,0.521
Chicago,2022,8,reported,Neither,8178,51,4370,0.006236,0.53436,60,700,0.521
Chicago,2022,9,reported,Black,9821,92,5193,0.009368,0.528765,60,700,0.521
Chicago,2022,9,reported,White,3947,56,2110,0.014188,0.534583,60,700,0.521
Chicago,2022,9,reported,Neither,8106,28,4245,0.003454,0.523686,60,700,0.521
Chicago,2022,10,reported,Black,10176,107,5315,0.010515,0.522307,60,700,0.521
Chicago,2022,10,reported,White,3928,17,2076,0.004328,0.528513,60,700,0.521
Chicago,2022,10,reported,Neither,8583,28,4510,0.003262,0.525457,60,700,0.521
Chicago,2022,11,reported,Black,8836,155,4676,0.017542,0.529199,60,700,0.521
Chicago,2022,11,reported,White,3638,46,1888,0.012644,0.518966,60,700,0.521
Chicago,2022,11,reported,Neither,7987,23,4173,0.00288,0.522474,60,700,0.521
Chicago,2022,12,reported,Black,8522,90,4521,0.010561,0.530509,60,700,0.521
Chicago,2022,12,reported,White,3473,35,1759,0.010078,0.506479,60,700,0.521
Chicago,2022,12,reported,Neither,7837,34,4158,0.004338,0.53056,60,700,0.521
